User;Genre;Conf;Storytelling;Rhythm;Movements;Public Involvment;Use of space;Human characterization;Human reproducibility;
651c02cd725ed8394f32b100;1;0;2;2;2;1;2;2;3;
651c02cd725ed8394f32b100;1;1;3;3;3;3;3;3;2;
651c02cd725ed8394f32b100;1;2;1;1;1;1;1;1;1;
651c02cd725ed8394f32b100;2;0;1;2;2;2;2;2;2;
651c02cd725ed8394f32b100;2;1;1;1;1;1;1;1;3;
651c02cd725ed8394f32b100;2;2;1;2;1;1;2;1;3;
5c3ed18bde04ad0001d90f0c;1;0;1;1;1;1;2;1;4;
5c3ed18bde04ad0001d90f0c;1;1;2;3;4;2;3;4;4;
5c3ed18bde04ad0001d90f0c;1;2;2;4;3;3;3;4;5;
5c3ed18bde04ad0001d90f0c;2;0;4;4;4;4;4;5;5;
5c3ed18bde04ad0001d90f0c;2;1;3;3;3;1;4;4;5;
5c3ed18bde04ad0001d90f0c;2;2;4;4;4;4;4;5;5;
none;1;0;4;4;3;3;2;3;3;
none;1;1;4;4;4;4;3;4;3;
none;1;2;4;4;4;3;3;3;3;
none;3;0;3;4;2;2;2;2;3;
none;3;1;3;4;4;4;3;3;3;
none;3;2;5;5;4;5;3;4;4;
5f343de4d0c07630b7f90b92;1;0;2;2;3;1;3;2;4;
5f343de4d0c07630b7f90b92;1;1;2;2;3;2;3;4;4;
5f343de4d0c07630b7f90b92;1;2;2;2;3;2;3;2;3;
5f343de4d0c07630b7f90b92;3;0;3;2;3;2;3;2;2;
5f343de4d0c07630b7f90b92;3;1;2;3;3;2;3;3;4;
5f343de4d0c07630b7f90b92;3;2;3;2;3;2;3;3;2;
5ed4f048f7b6fe02e0d9ffe3;1;0;1;2;2;2;1;4;5;
5ed4f048f7b6fe02e0d9ffe3;1;1;2;2;4;3;2;4;5;
5ed4f048f7b6fe02e0d9ffe3;1;2;2;2;4;2;2;4;4;
5ed4f048f7b6fe02e0d9ffe3;3;0;2;4;4;4;2;4;4;
5ed4f048f7b6fe02e0d9ffe3;3;1;2;4;4;3;2;4;4;
5ed4f048f7b6fe02e0d9ffe3;3;2;1;3;3;2;2;4;4;
6571eb693f30acef16030032;1;0;1;1;1;1;1;2;4;
6571eb693f30acef16030032;1;1;1;1;1;1;2;4;5;
6571eb693f30acef16030032;1;2;1;1;2;1;2;4;4;
6571eb693f30acef16030032;3;0;1;2;2;1;1;4;4;
6571eb693f30acef16030032;3;1;1;2;2;1;2;4;4;
6571eb693f30acef16030032;3;2;1;2;3;1;3;4;4;
5c964575c7f75b000167754e;1;0;2;4;3;2;1;2;4;
5c964575c7f75b000167754e;1;1;3;3;3;3;1;3;3;
5c964575c7f75b000167754e;1;2;3;3;2;2;1;2;4;
5c964575c7f75b000167754e;3;0;3;4;3;2;1;2;4;
5c964575c7f75b000167754e;3;1;3;3;3;2;1;2;4;
5c964575c7f75b000167754e;3;2;3;4;2;2;1;3;4;
6581a42e962c9abed4229c55;1;0;3;2;2;2;2;2;4;
6581a42e962c9abed4229c55;1;1;3;2;2;2;3;2;4;
6581a42e962c9abed4229c55;1;2;2;1;2;2;1;2;4;
6581a42e962c9abed4229c55;3;0;2;1;2;2;2;2;4;
6581a42e962c9abed4229c55;3;1;3;3;2;2;3;3;4;
6581a42e962c9abed4229c55;3;2;3;3;2;2;2;2;4;
NONE;1;0;2;3;3;2;2;3;3;
NONE;1;1;3;4;4;3;3;3;3;
NONE;1;2;4;4;4;3;3;4;3;
NONE;4;0;2;2;2;3;2;3;3;
NONE;4;1;3;4;3;3;3;4;3;
NONE;4;2;4;4;4;4;3;5;4;
65495da674e8402b24165959;1;0;1;1;2;1;1;1;5;
65495da674e8402b24165959;1;1;1;1;2;1;2;1;5;
65495da674e8402b24165959;1;2;1;2;3;2;2;2;5;
65495da674e8402b24165959;4;0;2;3;3;2;2;2;5;
65495da674e8402b24165959;4;1;2;2;3;2;1;2;4;
65495da674e8402b24165959;4;2;2;2;3;1;2;1;5;
5fc2d3ed77c35920bd372a4d;1;0;2;2;1;1;1;1;4;
5fc2d3ed77c35920bd372a4d;1;1;3;2;3;2;2;2;4;
5fc2d3ed77c35920bd372a4d;1;2;2;2;3;2;2;2;4;
5fc2d3ed77c35920bd372a4d;4;0;2;3;2;2;2;3;4;
5fc2d3ed77c35920bd372a4d;4;1;4;4;4;4;3;3;3;
5fc2d3ed77c35920bd372a4d;4;2;3;3;4;3;4;4;3;
64ee135727ed2f3b76d69e1e;1;0;2;2;2;1;3;3;5;
64ee135727ed2f3b76d69e1e;1;1;3;3;4;2;3;4;5;
64ee135727ed2f3b76d69e1e;1;2;2;3;4;2;2;4;5;
64ee135727ed2f3b76d69e1e;4;0;2;3;3;2;2;2;4;
64ee135727ed2f3b76d69e1e;4;1;5;3;3;4;2;2;4;
64ee135727ed2f3b76d69e1e;4;2;5;2;4;4;2;2;5;
5bc970db52eaec000199b4c8;1;0;2;3;2;3;1;3;5;
5bc970db52eaec000199b4c8;1;1;3;4;3;3;3;4;5;
5bc970db52eaec000199b4c8;1;2;4;4;3;3;4;5;5;
5bc970db52eaec000199b4c8;4;0;4;4;3;4;3;5;5;
5bc970db52eaec000199b4c8;4;1;4;5;4;5;4;5;5;
5bc970db52eaec000199b4c8;4;2;4;5;5;4;4;5;5;
5f54ad0cbb2be4806841d75c;1;0;3;3;3;3;2;3;4;
5f54ad0cbb2be4806841d75c;1;1;3;2;2;2;3;3;4;
5f54ad0cbb2be4806841d75c;1;2;3;2;1;2;4;1;4;
5f54ad0cbb2be4806841d75c;4;0;2;3;2;2;2;3;4;
5f54ad0cbb2be4806841d75c;4;1;2;3;2;2;2;2;2;
5f54ad0cbb2be4806841d75c;4;2;2;2;1;2;2;1;2;
64b7d9742e5cde32be52fa98;1;0;1;2;1;1;2;3;4;
64b7d9742e5cde32be52fa98;1;1;1;1;2;1;2;2;4;
64b7d9742e5cde32be52fa98;1;2;2;3;3;1;2;2;4;
64b7d9742e5cde32be52fa98;5;0;1;1;3;1;2;1;4;
64b7d9742e5cde32be52fa98;5;1;1;1;2;1;2;2;3;
64b7d9742e5cde32be52fa98;5;2;1;1;2;1;2;2;4;
656e1ed4402d628e268816d8;1;0;3;4;4;2;2;4;3;
656e1ed4402d628e268816d8;1;1;4;3;4;3;3;4;4;
656e1ed4402d628e268816d8;1;2;3;4;3;3;4;4;4;
656e1ed4402d628e268816d8;5;0;3;4;5;4;3;4;4;
656e1ed4402d628e268816d8;5;1;3;3;4;4;3;4;4;
656e1ed4402d628e268816d8;5;2;3;3;4;3;3;4;4;
6131de3102b54b21bccdc7f7;1;0;1;1;1;1;1;1;4;
6131de3102b54b21bccdc7f7;1;1;3;1;2;1;1;2;5;
6131de3102b54b21bccdc7f7;1;2;1;1;1;1;1;2;4;
6131de3102b54b21bccdc7f7;5;0;2;2;3;1;1;1;3;
6131de3102b54b21bccdc7f7;5;1;5;3;3;1;1;2;3;
6131de3102b54b21bccdc7f7;5;2;4;2;4;1;1;1;2;
5aa18dc7dbdb470001ef2d72;2;0;1;1;3;1;2;3;4;
5aa18dc7dbdb470001ef2d72;2;1;1;3;2;1;2;3;4;
5aa18dc7dbdb470001ef2d72;2;2;1;3;1;1;2;2;4;
5aa18dc7dbdb470001ef2d72;3;0;1;1;2;1;1;2;4;
5aa18dc7dbdb470001ef2d72;3;1;1;4;2;1;2;1;4;
5aa18dc7dbdb470001ef2d72;3;2;1;3;2;1;1;2;4;
5c052f5d553fb800011912f1;2;0;2;2;3;3;2;4;4;
5c052f5d553fb800011912f1;2;1;2;2;3;2;2;3;4;
5c052f5d553fb800011912f1;2;2;2;4;3;4;2;3;4;
5c052f5d553fb800011912f1;3;0;3;2;3;4;2;3;3;
5c052f5d553fb800011912f1;3;1;2;3;2;3;3;3;3;
5c052f5d553fb800011912f1;3;2;3;3;3;4;4;3;2;
610d671491693e4ff410860c;2;0;3;2;2;4;1;3;5;
610d671491693e4ff410860c;2;1;2;2;1;2;1;2;2;
610d671491693e4ff410860c;2;2;2;2;2;3;2;3;3;
610d671491693e4ff410860c;3;0;1;1;1;3;2;2;3;
610d671491693e4ff410860c;3;1;1;1;1;2;1;2;3;
610d671491693e4ff410860c;3;2;1;1;2;2;1;2;3;
5aabc1b875d3c50001260cb0;2;0;3;4;2;4;5;3;4;
5aabc1b875d3c50001260cb0;2;1;4;3;3;3;4;4;5;
5aabc1b875d3c50001260cb0;2;2;3;2;2;3;3;2;4;
5aabc1b875d3c50001260cb0;3;0;3;4;4;4;3;3;4;
5aabc1b875d3c50001260cb0;3;1;4;4;3;3;4;5;4;
5aabc1b875d3c50001260cb0;3;2;4;3;3;2;3;4;4;
5af605e833b0ee00011e9f87;2;0;1;2;1;2;3;3;4;
5af605e833b0ee00011e9f87;2;1;2;2;1;3;2;3;5;
5af605e833b0ee00011e9f87;2;2;2;3;2;3;3;3;4;
5af605e833b0ee00011e9f87;3;0;2;2;2;3;3;3;3;
5af605e833b0ee00011e9f87;3;1;3;4;4;4;3;3;4;
5af605e833b0ee00011e9f87;3;2;3;3;4;4;3;4;4;
61222d4342138f097de1b542;2;0;3;1;2;2;1;3;2;
61222d4342138f097de1b542;2;1;2;2;2;2;1;3;3;
61222d4342138f097de1b542;2;2;2;2;2;2;2;3;3;
61222d4342138f097de1b542;3;0;2;2;2;2;2;3;4;
61222d4342138f097de1b542;3;1;2;2;2;2;1;3;3;
61222d4342138f097de1b542;3;2;2;1;1;2;1;3;2;
NONE;2;0;3;2;3;1;3;4;4;
NONE;2;1;3;4;5;4;4;3;3;
NONE;2;2;4;4;5;4;4;4;4;
NONE;4;0;3;3;3;3;3;3;3;
NONE;4;1;4;4;4;4;4;4;4;
NONE;4;2;4;4;4;4;4;4;4;
63b6be975097f6e31872fc0e;2;0;2;1;2;2;2;5;5;
63b6be975097f6e31872fc0e;2;1;4;4;4;5;4;4;5;
63b6be975097f6e31872fc0e;2;2;2;2;1;2;3;5;5;
63b6be975097f6e31872fc0e;4;0;2;3;2;2;3;5;5;
63b6be975097f6e31872fc0e;4;1;3;4;4;4;4;5;5;
63b6be975097f6e31872fc0e;4;2;2;2;1;2;3;4;5;
5ec77f86093c7a1b0794ae52;2;0;2;5;2;3;2;3;4;
5ec77f86093c7a1b0794ae52;2;1;4;4;2;3;2;3;2;
5ec77f86093c7a1b0794ae52;2;2;3;3;2;3;3;3;4;
5ec77f86093c7a1b0794ae52;4;0;3;4;3;3;2;2;3;
5ec77f86093c7a1b0794ae52;4;1;4;4;3;3;3;2;2;
5ec77f86093c7a1b0794ae52;4;2;4;4;2;3;2;2;3;
5f96dfa07e7693066355ed6d;2;0;2;3;2;1;1;2;4;
5f96dfa07e7693066355ed6d;2;1;2;2;2;2;2;2;4;
5f96dfa07e7693066355ed6d;2;2;2;3;2;2;2;2;4;
5f96dfa07e7693066355ed6d;5;0;2;1;2;2;1;2;4;
5f96dfa07e7693066355ed6d;5;1;2;2;2;2;2;2;4;
5f96dfa07e7693066355ed6d;5;2;2;1;2;2;2;2;4;
6017d6d3fdf985a339ea5e52;2;0;2;2;2;2;3;3;5;
6017d6d3fdf985a339ea5e52;2;1;2;2;2;3;2;5;5;
6017d6d3fdf985a339ea5e52;2;2;2;2;3;2;2;3;5;
6017d6d3fdf985a339ea5e52;5;0;3;3;3;3;2;5;5;
6017d6d3fdf985a339ea5e52;5;1;3;3;3;3;2;5;5;
6017d6d3fdf985a339ea5e52;5;2;3;4;3;3;3;5;5;
6543b010533263a8972f888a;2;0;1;1;4;3;2;4;4;
6543b010533263a8972f888a;2;1;1;2;4;2;2;5;4;
6543b010533263a8972f888a;2;2;1;1;4;2;2;5;4;
6543b010533263a8972f888a;5;0;2;1;4;2;1;5;4;
6543b010533263a8972f888a;5;1;2;1;4;2;1;5;4;
6543b010533263a8972f888a;5;2;2;1;4;2;1;5;4;
615cc4ecf52463a34a7fd34a;3;0;3;4;2;2;2;4;5;
615cc4ecf52463a34a7fd34a;3;1;3;4;3;3;4;4;5;
615cc4ecf52463a34a7fd34a;3;2;3;2;3;3;2;3;5;
615cc4ecf52463a34a7fd34a;4;0;2;4;3;2;2;3;5;
615cc4ecf52463a34a7fd34a;4;1;3;4;4;3;4;3;5;
615cc4ecf52463a34a7fd34a;4;2;4;5;4;4;4;4;5;
60e0675ef11003151efea149;3;0;1;2;1;2;1;4;5;
60e0675ef11003151efea149;3;1;1;2;2;2;2;3;4;
60e0675ef11003151efea149;3;2;2;3;3;3;2;3;4;
60e0675ef11003151efea149;4;0;3;4;4;3;3;4;3;
60e0675ef11003151efea149;4;1;3;4;4;4;4;4;3;
60e0675ef11003151efea149;4;2;4;4;4;4;4;3;4;
6548f708849aaf35e98f6c8d;3;0;2;2;2;3;2;2;4;
6548f708849aaf35e98f6c8d;3;1;4;4;3;3;3;4;4;
6548f708849aaf35e98f6c8d;3;2;3;3;3;3;3;3;4;
6548f708849aaf35e98f6c8d;4;0;3;4;3;3;4;4;4;
6548f708849aaf35e98f6c8d;4;1;2;2;3;3;2;2;2;
6548f708849aaf35e98f6c8d;4;2;3;3;2;3;3;2;3;
6107c37039455155fc3583d8;3;0;4;2;5;4;4;4;5;
6107c37039455155fc3583d8;3;1;3;2;4;2;3;3;4;
6107c37039455155fc3583d8;3;2;4;5;4;3;5;4;2;
6107c37039455155fc3583d8;5;0;3;4;4;4;3;3;4;
6107c37039455155fc3583d8;5;1;2;3;3;3;3;3;3;
6107c37039455155fc3583d8;5;2;4;3;3;2;4;4;4;
61693c754827d0e35885a4ea;3;0;2;1;1;1;1;1;3;
61693c754827d0e35885a4ea;3;1;2;2;2;2;2;3;2;
61693c754827d0e35885a4ea;3;2;2;1;3;2;1;1;1;
61693c754827d0e35885a4ea;5;0;1;2;2;1;2;2;1;
61693c754827d0e35885a4ea;5;1;1;3;3;1;2;3;2;
61693c754827d0e35885a4ea;5;2;1;2;3;1;2;3;1;
5e31d1c2829e3803bde39c7f;3;0;1;1;1;1;1;1;5;
5e31d1c2829e3803bde39c7f;3;1;1;1;1;1;1;1;5;
5e31d1c2829e3803bde39c7f;3;2;1;3;3;1;2;3;5;
5e31d1c2829e3803bde39c7f;5;0;2;2;1;2;3;2;5;
5e31d1c2829e3803bde39c7f;5;1;2;2;2;2;2;2;5;
5e31d1c2829e3803bde39c7f;5;2;3;3;2;3;3;4;5;
608c3c5e1cf6e05149f36b6a;4;0;2;3;1;2;3;1;5;
608c3c5e1cf6e05149f36b6a;4;1;2;2;3;2;3;2;5;
608c3c5e1cf6e05149f36b6a;4;2;1;1;2;2;2;1;4;
608c3c5e1cf6e05149f36b6a;5;0;1;1;1;2;2;1;4;
608c3c5e1cf6e05149f36b6a;5;1;1;2;2;2;2;2;4;
608c3c5e1cf6e05149f36b6a;5;2;1;2;2;1;1;1;4;
NONE;4;0;2;2;3;2;3;3;4;
NONE;4;1;3;3;3;3;3;4;4;
NONE;4;2;5;5;4;4;4;5;4;
NONE;5;0;2;2;3;2;3;4;4;
NONE;5;1;3;3;3;3;3;4;4;
NONE;5;2;4;4;4;4;3;5;5;
NONE;1;0;3;4;2;2;3;3;1;
NONE;1;1;5;4;5;2;4;4;4;
NONE;1;2;2;3;4;2;4;2;4;
NONE;3;0;2;2;2;2;3;2;1;
NONE;3;1;3;4;4;3;4;3;4;
NONE;3;2;3;3;2;2;3;2;2;
NONE;2;0;2;3;5;4;4;4;5;
NONE;2;1;2;2;4;2;4;2;3;
NONE;2;2;2;3;4;3;4;3;3;
NONE;4;0;1;3;3;2;4;2;2;
NONE;4;1;4;4;3;4;4;4;3;
NONE;4;2;2;3;4;3;4;2;2;
NONE;1;0;1;3;2;2;2;3;4;
NONE;1;1;3;3;4;3;3;4;4;
NONE;1;2;4;4;4;5;4;5;4;
NONE;2;0;2;1;3;2;3;4;4;
NONE;2;1;3;3;3;4;3;4;4;
NONE;2;2;5;5;4;5;4;4;4;
NONE;1;0;2;1;2;1;2;3;3;
NONE;1;1;2;3;3;3;2;3;4;
NONE;1;2;3;4;3;4;3;4;4;
NONE;2;0;2;2;3;2;1;3;4;
NONE;2;1;2;3;3;3;2;4;4;
NONE;2;2;5;4;4;5;3;5;4;
NONE;1;0;1;2;3;2;2;4;5;
NONE;1;1;2;3;3;2;3;4;4;
NONE;1;2;4;4;3;4;4;4;5;
NONE;2;0;2;1;1;1;2;4;4;
NONE;2;1;3;3;3;3;3;4;4;
NONE;2;2;4;4;4;4;3;4;4;
NONE;1;0;2;2;3;4;3;3;5;
NONE;1;1;3;3;4;4;3;4;5;
NONE;1;2;2;3;3;3;3;3;5;
NONE;5;0;4;3;3;3;2;4;5;
NONE;5;1;4;3;5;4;4;3;4;
NONE;5;2;4;3;3;4;3;4;4;
NONE;1;0;1;1;2;1;2;2;3;
NONE;1;1;2;2;3;2;3;3;4;
NONE;1;2;5;5;3;5;3;5;5;
NONE;2;0;2;1;3;1;3;2;4;
NONE;2;1;2;2;3;2;2;2;4;
NONE;2;2;5;5;3;5;3;5;5;
none;4;0;2;2;3;1;3;2;4;
none;4;1;1;2;3;2;2;2;4;
none;4;2;4;5;3;4;3;5;5;
none;5;0;2;1;3;1;3;2;5;
none;5;1;2;2;3;2;3;3;4;
none;5;2;5;5;3;5;3;5;5;
None;3;0;1;2;3;1;3;2;3;
None;3;1;3;3;3;3;3;3;4;
None;3;2;4;4;3;5;3;5;5;
None;4;0;2;2;4;2;3;2;4;
None;4;1;3;3;3;2;3;3;4;
None;4;2;4;5;3;5;2;4;5;
NONE;4;0;1;2;4;2;3;1;5;
NONE;4;1;2;2;3;2;3;3;5;
NONE;4;2;4;4;3;4;3;4;5;
NONE;5;0;2;1;3;2;3;2;5;
NONE;5;1;3;3;3;2;3;2;5;
NONE;5;2;4;5;3;5;3;4;5;
none;2;0;2;2;3;2;3;2;5;
none;2;1;3;3;3;2;3;3;5;
none;2;2;4;4;3;4;3;5;5;
none;5;0;2;2;2;2;3;2;5;
none;5;1;1;3;3;2;2;2;5;
none;5;2;4;4;2;4;3;5;5;
none;2;0;1;2;3;2;4;3;4;
none;2;1;2;3;3;2;3;3;4;
none;2;2;4;5;2;4;2;4;4;
none;4;0;2;2;4;2;3;3;4;
none;4;1;2;3;3;3;3;3;5;
none;4;2;4;5;3;4;3;5;4;
NONE;4;0;1;1;3;1;3;2;5;
NONE;4;1;2;2;3;3;3;2;5;
NONE;4;2;5;4;3;4;3;4;5;
NONE;5;0;1;1;3;1;3;2;5;
NONE;5;1;3;2;3;3;3;3;5;
NONE;5;2;4;5;3;5;2;4;5;
none;4;0;3;4;4;5;4;3;5;
none;4;1;4;5;5;5;4;4;4;
none;4;2;4;5;5;5;5;5;4;
none;5;0;3;3;4;3;4;3;4;
none;5;1;3;5;5;4;4;5;5;
none;5;2;4;5;5;4;4;5;5;
None;3;0;1;2;3;2;3;3;3;
None;3;1;2;3;3;3;3;3;4;
None;3;2;4;4;3;4;3;4;4;
None;5;0;2;2;3;1;3;2;5;
None;5;1;2;3;3;1;3;3;5;
None;5;2;3;4;3;4;3;4;5;
NONE;1;0;2;2;4;2;3;2;5;
NONE;1;1;3;4;3;3;3;3;5;
NONE;1;2;4;5;3;4;3;4;5;
NONE;2;0;2;2;2;2;2;2;4;
NONE;2;1;2;2;2;3;2;2;4;
NONE;2;2;2;4;2;4;2;2;4;
None;1;0;3;3;3;3;3;3;4;
None;1;1;4;4;3;4;3;4;4;
None;1;2;5;5;4;5;3;4;5;
None;2;0;3;3;3;3;3;3;4;
None;2;1;3;3;2;3;3;3;4;
None;2;2;5;5;3;5;3;4;4;
NONE;1;0;2;2;3;2;3;2;5;
NONE;1;1;2;3;3;3;3;4;4;
NONE;1;2;4;4;2;4;4;4;5;
NONE;2;0;2;1;2;2;2;2;4;
NONE;2;1;2;3;2;3;2;3;4;
NONE;2;2;4;4;3;3;3;3;4;
none;1;0;2;1;3;1;3;2;5;
none;1;1;1;3;3;2;3;2;5;
none;1;2;4;4;3;4;3;4;3;
none;2;0;1;2;3;2;3;2;4;
none;2;1;2;1;3;2;3;2;5;
none;2;2;4;4;3;4;2;4;5;
none;3;0;2;2;3;2;3;2;4;
none;3;1;2;1;3;2;3;3;4;
none;3;2;4;4;3;4;3;4;4;
none;4;0;2;2;3;2;3;2;4;
none;4;1;3;2;3;2;3;2;4;
none;4;2;4;4;3;4;3;4;5;
NONE;4;0;2;3;3;2;3;3;5;
NONE;4;1;4;3;3;3;3;3;4;
NONE;4;2;4;5;3;4;3;5;5;
NONE;5;0;3;2;3;2;3;3;5;
NONE;5;1;3;3;3;3;3;3;5;
NONE;5;2;4;4;3;4;4;4;5;
none;4;0;2;2;3;3;4;2;2;
none;4;1;3;2;4;3;4;3;4;
none;4;2;4;4;2;4;2;3;4;
none;5;0;2;2;4;2;4;3;4;
none;5;1;2;3;4;3;4;3;4;
none;5;2;4;4;2;4;2;4;4;
none;4;0;2;1;3;2;3;2;4;
none;4;1;3;3;3;3;3;3;4;
none;4;2;4;4;2;4;2;4;4;
none;5;0;2;2;3;3;4;4;5;
none;5;1;3;3;4;1;4;3;5;
none;5;2;2;4;2;4;2;4;5;
NONE;3;0;2;2;4;2;4;4;5;
NONE;3;1;3;3;4;3;4;4;5;
NONE;3;2;3;4;4;4;4;5;5;
NONE;5;0;3;3;4;3;3;3;4;
NONE;5;1;3;3;4;3;3;4;4;
NONE;5;2;4;4;4;4;4;4;5;
657473130ca9807d09ffe41b;1;0;5;3;3;4;3;4;2;
657473130ca9807d09ffe41b;1;1;2;3;3;1;2;2;3;
657473130ca9807d09ffe41b;1;2;3;3;2;2;2;4;3;
657473130ca9807d09ffe41b;5;0;4;4;2;3;4;4;2;
657473130ca9807d09ffe41b;5;1;4;4;2;3;4;4;2;
657473130ca9807d09ffe41b;5;2;5;3;3;3;3;4;4;
5fe65c62e5e63147348427a6;3;0;2;2;2;3;2;4;5;
5fe65c62e5e63147348427a6;3;1;2;2;2;3;2;5;5;
5fe65c62e5e63147348427a6;3;2;2;2;2;2;2;5;5;
5fe65c62e5e63147348427a6;4;0;2;3;2;3;2;5;5;
5fe65c62e5e63147348427a6;4;1;2;3;2;3;2;5;5;
5fe65c62e5e63147348427a6;4;2;2;3;2;3;2;5;5;
656e2e6630f721fb271e4efc;1;0;1;2;2;1;1;1;2;
656e2e6630f721fb271e4efc;1;1;2;3;2;3;2;2;3;
656e2e6630f721fb271e4efc;1;2;3;2;3;1;1;2;3;
656e2e6630f721fb271e4efc;5;0;1;1;3;1;2;2;4;
656e2e6630f721fb271e4efc;5;1;3;3;3;2;4;3;4;
656e2e6630f721fb271e4efc;5;2;4;5;3;3;3;2;3;
5fc2d0d1778e6b0a50d89020;1;0;4;3;2;1;2;2;1;
5fc2d0d1778e6b0a50d89020;1;1;4;2;3;2;3;2;2;
5fc2d0d1778e6b0a50d89020;1;2;4;2;3;2;3;2;2;
5fc2d0d1778e6b0a50d89020;3;0;2;1;1;2;2;2;1;
5fc2d0d1778e6b0a50d89020;3;1;2;1;2;1;2;2;1;
5fc2d0d1778e6b0a50d89020;3;2;3;3;1;3;1;3;2;
none;3;0;1;1;4;1;4;2;5;
none;3;1;2;2;4;2;4;2;5;
none;3;2;4;4;4;4;4;4;5;
none;5;0;1;1;1;1;1;1;5;
none;5;1;1;1;1;1;1;1;5;
none;5;2;3;3;3;3;3;3;5;
NONE;4;0;2;4;3;1;2;4;5;
NONE;4;1;1;2;2;1;2;3;5;
NONE;4;2;3;4;4;3;4;3;2;
NONE;5;0;2;2;2;1;2;3;4;
NONE;5;1;3;3;4;3;3;3;2;
NONE;5;2;5;4;4;4;4;4;3;
none;4;0;3;3;3;3;3;3;3;
none;4;1;3;3;4;3;3;3;3;
none;4;2;3;3;3;3;3;4;3;
none;5;0;3;3;3;3;3;3;3;
none;5;1;3;3;3;3;3;4;3;
none;5;2;3;3;4;3;3;3;3;
NONE;2;0;3;3;3;3;3;4;5;
NONE;2;1;3;2;3;3;3;4;3;
NONE;2;2;3;3;3;3;2;3;4;
NONE;3;0;2;2;2;2;2;2;3;
NONE;3;1;2;3;2;3;3;2;3;
NONE;3;2;3;4;3;3;3;3;3;
none;2;0;3;3;3;3;3;3;3;
none;2;1;3;3;4;3;3;3;3;
none;2;2;3;3;3;3;3;4;3;
none;3;0;3;3;3;3;3;3;3;
none;3;1;3;3;3;3;3;4;3;
none;3;2;3;3;4;3;3;3;3;
NONE;2;0;2;2;2;3;2;2;4;
NONE;2;1;4;4;3;3;3;4;4;
NONE;2;2;3;3;3;3;3;3;4;
NONE;5;0;3;4;3;3;4;4;4;
NONE;5;1;2;2;3;3;2;2;2;
NONE;5;2;3;3;2;3;3;2;3;
none;2;0;2;3;1;2;3;1;5;
none;2;1;2;2;3;2;3;2;5;
none;2;2;1;1;2;2;2;1;4;
none;3;0;1;1;1;2;2;1;4;
none;3;1;1;2;2;2;2;2;4;
none;3;2;1;2;2;1;1;1;4;
NONE;4;0;2;1;2;2;2;5;5;
NONE;4;1;4;4;4;5;4;4;5;
NONE;4;2;2;2;1;2;3;5;5;
NONE;5;0;2;3;2;2;3;5;5;
NONE;5;1;3;4;4;4;4;5;5;
NONE;5;2;2;2;1;2;3;4;5;
None;2;0;1;2;3;2;3;3;3;
None;2;1;2;3;3;3;3;3;4;
None;2;2;4;4;3;4;3;4;4;
None;4;0;2;2;3;1;3;2;5;
None;4;1;2;3;3;1;3;3;5;
None;4;2;3;4;3;4;3;4;5;
NONE;3;0;4;4;4;4;4;4;4;
NONE;3;1;2;2;2;2;2;2;4;
NONE;3;2;1;1;1;1;1;1;4;
NONE;5;0;4;4;4;4;4;4;4;
NONE;5;1;2;2;3;2;2;2;4;
NONE;5;2;1;1;1;1;1;1;4;
;;;;;;;;;;
;;;;;;;;;;
;;;;;;;;;;
;;;;;;;;;;
;;;;;;;;;;
;;;;;;;;;;
;;;;;;;;;;
;;;;;;;;;;
;;;;;;;;;;
;;;;;;;;;;
;;;;;;;;;;
;;;;;;;;;;
;;;;;;;;;;
;;;;;;;;;;
;;;;;;;;;;
;;;;;;;;;;
;;;;;;;;;;
;;;;;;;;;;
;;;;;;;;;;
;;;;;;;;;;
;;;;;;;;;;
;;;;;;;;;;
;;;;;;;;;;
;;;;;;;;;;
;;;;;;;;;;
;;;;;;;;;;
;;;;;;;;;;
;;;;;;;;;;
;;;;;;;;;;
;;;;;;;;;;
;;;;;;;;;;
;;;;;;;;;;
;;;;;;;;;;
;;;;;;;;;;
;;;;;;;;;;
;;;;;;;;;;
;;;;;;;;;;
;;;;;;;;;;
;;;;;;;;;;
;;;;;;;;;;
;;;;;;;;;;
;;;;;;;;;;
;;;;;;;;;;
;;;;;;;;;;
;;;;;;;;;;
;;;;;;;;;;
;;;;;;;;;;
;;;;;;;;;;
;;;;;;;;;;
;;;;;;;;;;
;;;;;;;;;;
;;;;;;;;;;
;;;;;;;;;;
;;;;;;;;;;
;;;;;;;;;;
;;;;;;;;;;
;;;;;;;;;;
;;;;;;;;;;
;;;;;;;;;;
;;;;;;;;;;
;;;;;;;;;;
;;;;;;;;;;
;;;;;;;;;;
;;;;;;;;;;
;;;;;;;;;;
;;;;;;;;;;
;;;;;;;;;;
;;;;;;;;;;
;;;;;;;;;;
;;;;;;;;;;
;;;;;;;;;;
;;;;;;;;;;
;;;;;;;;;;
;;;;;;;;;;
;;;;;;;;;;
;;;;;;;;;;
;;;;;;;;;;
;;;;;;;;;;
;;;;;;;;;;
;;;;;;;;;;
;;;;;;;;;;
;;;;;;;;;;
;;;;;;;;;;
;;;;;;;;;;
;;;;;;;;;;
;;;;;;;;;;
;;;;;;;;;;
;;;;;;;;;;
;;;;;;;;;;
;;;;;;;;;;
;;;;;;;;;;
;;;;;;;;;;
;;;;;;;;;;
;;;;;;;;;;
;;;;;;;;;;
;;;;;;;;;;
;;;;;;;;;;
;;;;;;;;;;
;;;;;;;;;;
;;;;;;;;;;
;;;;;;;;;;
;;;;;;;;;;
;;;;;;;;;;
;;;;;;;;;;
;;;;;;;;;;
;;;;;;;;;;
;;;;;;;;;;
;;;;;;;;;;
;;;;;;;;;;
;;;;;;;;;;
;;;;;;;;;;
;;;;;;;;;;
;;;;;;;;;;
;;;;;;;;;;
;;;;;;;;;;
;;;;;;;;;;
;;;;;;;;;;
;;;;;;;;;;
;;;;;;;;;;
;;;;;;;;;;
;;;;;;;;;;
;;;;;;;;;;
;;;;;;;;;;
;;;;;;;;;;
;;;;;;;;;;
;;;;;;;;;;
;;;;;;;;;;
;;;;;;;;;;
;;;;;;;;;;
;;;;;;;;;;
;;;;;;;;;;
;;;;;;;;;;
;;;;;;;;;;
;;;;;;;;;;
;;;;;;;;;;
;;;;;;;;;;
;;;;;;;;;;
;;;;;;;;;;
;;;;;;;;;;
;;;;;;;;;;
;;;;;;;;;;
;;;;;;;;;;
;;;;;;;;;;
;;;;;;;;;;
;;;;;;;;;;
;;;;;;;;;;
;;;;;;;;;;
;;;;;;;;;;
;;;;;;;;;;
;;;;;;;;;;
;;;;;;;;;;
;;;;;;;;;;
;;;;;;;;;;
;;;;;;;;;;
;;;;;;;;;;
;;;;;;;;;;
;;;;;;;;;;
;;;;;;;;;;
;;;;;;;;;;
;;;;;;;;;;
;;;;;;;;;;
;;;;;;;;;;
;;;;;;;;;;
;;;;;;;;;;
;;;;;;;;;;
;;;;;;;;;;
;;;;;;;;;;
;;;;;;;;;;
;;;;;;;;;;
;;;;;;;;;;
;;;;;;;;;;
;;;;;;;;;;
;;;;;;;;;;
;;;;;;;;;;
;;;;;;;;;;
;;;;;;;;;;
;;;;;;;;;;
;;;;;;;;;;
;;;;;;;;;;
;;;;;;;;;;
;;;;;;;;;;
;;;;;;;;;;
;;;;;;;;;;
;;;;;;;;;;
;;;;;;;;;;
;;;;;;;;;;
;;;;;;;;;;
;;;;;;;;;;
;;;;;;;;;;
;;;;;;;;;;
;;;;;;;;;;
;;;;;;;;;;
;;;;;;;;;;
;;;;;;;;;;
;;;;;;;;;;
;;;;;;;;;;
;;;;;;;;;;
;;;;;;;;;;
;;;;;;;;;;
;;;;;;;;;;
;;;;;;;;;;
;;;;;;;;;;
;;;;;;;;;;
;;;;;;;;;;
;;;;;;;;;;
;;;;;;;;;;
;;;;;;;;;;
;;;;;;;;;;
;;;;;;;;;;
;;;;;;;;;;
;;;;;;;;;;
;;;;;;;;;;
;;;;;;;;;;
;;;;;;;;;;
;;;;;;;;;;
;;;;;;;;;;
;;;;;;;;;;
;;;;;;;;;;
;;;;;;;;;;
;;;;;;;;;;
;;;;;;;;;;
;;;;;;;;;;
;;;;;;;;;;
;;;;;;;;;;
;;;;;;;;;;
;;;;;;;;;;
;;;;;;;;;;
;;;;;;;;;;
;;;;;;;;;;
;;;;;;;;;;
;;;;;;;;;;
;;;;;;;;;;
;;;;;;;;;;
;;;;;;;;;;
;;;;;;;;;;
;;;;;;;;;;
;;;;;;;;;;
;;;;;;;;;;
;;;;;;;;;;
;;;;;;;;;;
;;;;;;;;;;
;;;;;;;;;;
;;;;;;;;;;
;;;;;;;;;;
;;;;;;;;;;
;;;;;;;;;;
;;;;;;;;;;
;;;;;;;;;;
;;;;;;;;;;
;;;;;;;;;;
;;;;;;;;;;
;;;;;;;;;;
;;;;;;;;;;
;;;;;;;;;;
;;;;;;;;;;
;;;;;;;;;;
;;;;;;;;;;
;;;;;;;;;;
;;;;;;;;;;
;;;;;;;;;;
;;;;;;;;;;
;;;;;;;;;;
;;;;;;;;;;
;;;;;;;;;;
;;;;;;;;;;
;;;;;;;;;;
;;;;;;;;;;
;;;;;;;;;;
;;;;;;;;;;
;;;;;;;;;;
;;;;;;;;;;
;;;;;;;;;;
;;;;;;;;;;
;;;;;;;;;;
;;;;;;;;;;
;;;;;;;;;;
;;;;;;;;;;
;;;;;;;;;;
;;;;;;;;;;
;;;;;;;;;;
;;;;;;;;;;
;;;;;;;;;;
;;;;;;;;;;
;;;;;;;;;;
;;;;;;;;;;
;;;;;;;;;;
;;;;;;;;;;
;;;;;;;;;;
;;;;;;;;;;
;;;;;;;;;;
;;;;;;;;;;
;;;;;;;;;;
;;;;;;;;;;
;;;;;;;;;;
;;;;;;;;;;
;;;;;;;;;;
;;;;;;;;;;
;;;;;;;;;;
;;;;;;;;;;
;;;;;;;;;;
;;;;;;;;;;
;;;;;;;;;;
;;;;;;;;;;
;;;;;;;;;;
;;;;;;;;;;
;;;;;;;;;;
;;;;;;;;;;
;;;;;;;;;;
;;;;;;;;;;
;;;;;;;;;;
;;;;;;;;;;
;;;;;;;;;;
;;;;;;;;;;
;;;;;;;;;;
;;;;;;;;;;
;;;;;;;;;;
;;;;;;;;;;
;;;;;;;;;;
;;;;;;;;;;
;;;;;;;;;;
;;;;;;;;;;
;;;;;;;;;;
;;;;;;;;;;
;;;;;;;;;;
;;;;;;;;;;
;;;;;;;;;;
;;;;;;;;;;
;;;;;;;;;;
;;;;;;;;;;
;;;;;;;;;;
;;;;;;;;;;
;;;;;;;;;;
;;;;;;;;;;
;;;;;;;;;;
;;;;;;;;;;
;;;;;;;;;;
;;;;;;;;;;
;;;;;;;;;;
;;;;;;;;;;
;;;;;;;;;;
;;;;;;;;;;
;;;;;;;;;;
;;;;;;;;;;
;;;;;;;;;;
;;;;;;;;;;
;;;;;;;;;;
;;;;;;;;;;
;;;;;;;;;;
;;;;;;;;;;
;;;;;;;;;;
;;;;;;;;;;
;;;;;;;;;;
;;;;;;;;;;
;;;;;;;;;;
;;;;;;;;;;
;;;;;;;;;;
;;;;;;;;;;
;;;;;;;;;;
;;;;;;;;;;
;;;;;;;;;;
;;;;;;;;;;
;;;;;;;;;;
;;;;;;;;;;
;;;;;;;;;;
;;;;;;;;;;
;;;;;;;;;;
;;;;;;;;;;
;;;;;;;;;;
;;;;;;;;;;
;;;;;;;;;;
;;;;;;;;;;
;;;;;;;;;;
;;;;;;;;;;
;;;;;;;;;;
;;;;;;;;;;
;;;;;;;;;;
;;;;;;;;;;
;;;;;;;;;;
;;;;;;;;;;
;;;;;;;;;;
;;;;;;;;;;
;;;;;;;;;;
;;;;;;;;;;
;;;;;;;;;;
;;;;;;;;;;
;;;;;;;;;;
;;;;;;;;;;
;;;;;;;;;;
;;;;;;;;;;
;;;;;;;;;;
;;;;;;;;;;
;;;;;;;;;;
;;;;;;;;;;
;;;;;;;;;;
;;;;;;;;;;
;;;;;;;;;;
;;;;;;;;;;
;;;;;;;;;;
;;;;;;;;;;
;;;;;;;;;;
;;;;;;;;;;
;;;;;;;;;;
;;;;;;;;;;
;;;;;;;;;;
;;;;;;;;;;
;;;;;;;;;;
;;;;;;;;;;
;;;;;;;;;;
;;;;;;;;;;
;;;;;;;;;;
;;;;;;;;;;
;;;;;;;;;;
;;;;;;;;;;
;;;;;;;;;;
;;;;;;;;;;
;;;;;;;;;;
;;;;;;;;;;
;;;;;;;;;;
;;;;;;;;;;
;;;;;;;;;;
;;;;;;;;;;
;;;;;;;;;;
;;;;;;;;;;
;;;;;;;;;;
;;;;;;;;;;
;;;;;;;;;;
;;;;;;;;;;
;;;;;;;;;;
;;;;;;;;;;
;;;;;;;;;;
;;;;;;;;;;
;;;;;;;;;;
;;;;;;;;;;
;;;;;;;;;;
;;;;;;;;;;
;;;;;;;;;;
;;;;;;;;;;
;;;;;;;;;;
;;;;;;;;;;
;;;;;;;;;;
;;;;;;;;;;
;;;;;;;;;;
;;;;;;;;;;
;;;;;;;;;;
;;;;;;;;;;
;;;;;;;;;;
;;;;;;;;;;
;;;;;;;;;;
;;;;;;;;;;
;;;;;;;;;;
;;;;;;;;;;
;;;;;;;;;;
;;;;;;;;;;
;;;;;;;;;;
;;;;;;;;;;
;;;;;;;;;;
;;;;;;;;;;
;;;;;;;;;;
;;;;;;;;;;
;;;;;;;;;;
;;;;;;;;;;
;;;;;;;;;;
;;;;;;;;;;
;;;;;;;;;;
;;;;;;;;;;
;;;;;;;;;;
;;;;;;;;;;
;;;;;;;;;;
;;;;;;;;;;
;;;;;;;;;;
;;;;;;;;;;
;;;;;;;;;;
;;;;;;;;;;
;;;;;;;;;;
;;;;;;;;;;
;;;;;;;;;;
;;;;;;;;;;
;;;;;;;;;;
;;;;;;;;;;
;;;;;;;;;;
;;;;;;;;;;
;;;;;;;;;;
;;;;;;;;;;
;;;;;;;;;;
;;;;;;;;;;
;;;;;;;;;;
;;;;;;;;;;
;;;;;;;;;;
;;;;;;;;;;
;;;;;;;;;;
;;;;;;;;;;
;;;;;;;;;;
;;;;;;;;;;
;;;;;;;;;;
;;;;;;;;;;
;;;;;;;;;;
;;;;;;;;;;
;;;;;;;;;;
;;;;;;;;;;
;;;;;;;;;;
;;;;;;;;;;
;;;;;;;;;;
;;;;;;;;;;
;;;;;;;;;;
;;;;;;;;;;
;;;;;;;;;;
;;;;;;;;;;
;;;;;;;;;;
;;;;;;;;;;
;;;;;;;;;;
;;;;;;;;;;
;;;;;;;;;;
;;;;;;;;;;
;;;;;;;;;;
;;;;;;;;;;
;;;;;;;;;;
;;;;;;;;;;
;;;;;;;;;;
;;;;;;;;;;
;;;;;;;;;;
;;;;;;;;;;
;;;;;;;;;;
;;;;;;;;;;
;;;;;;;;;;
;;;;;;;;;;
;;;;;;;;;;
;;;;;;;;;;
;;;;;;;;;;
;;;;;;;;;;
;;;;;;;;;;
;;;;;;;;;;
;;;;;;;;;;
;;;;;;;;;;
;;;;;;;;;;
;;;;;;;;;;
;;;;;;;;;;
;;;;;;;;;;
;;;;;;;;;;
;;;;;;;;;;
;;;;;;;;;;
;;;;;;;;;;
;;;;;;;;;;
;;;;;;;;;;
;;;;;;;;;;
;;;;;;;;;;
;;;;;;;;;;
;;;;;;;;;;
;;;;;;;;;;
;;;;;;;;;;